{"cameraMode":{"drawMode":0,"name":"Shaded","section":"Shading Mode"},"sceneLighting":true,"audioPlay":false,"sceneViewState":{"m_AlwaysRefresh":false,"showFog":true,"showSkybox":true,"showFlares":true,"showImageEffects":true,"showParticleSystems":true,"showVisualEffectGraphs":true,"m_FxEnabled":true},"in2DMode":false,"pivot":{"x":-13.979999542236329,"y":2.529147148132324,"z":17.543001174926759},"rotation":{"x":0.02022678032517433,"y":-0.4367491602897644,"z":0.00985198374837637,"w":0.8993375897407532},"size":14.372817039489746,"orthographic":true}