{"cameraMode":{"drawMode":0,"name":"Shaded","section":"Shading Mode"},"sceneLighting":true,"audioPlay":false,"sceneViewState":{"m_AlwaysRefresh":false,"showFog":true,"showSkybox":true,"showFlares":true,"showImageEffects":true,"showParticleSystems":true,"showVisualEffectGraphs":true,"m_FxEnabled":true},"in2DMode":false,"pivot":{"x":24.620468139648439,"y":-0.9757137298583984,"z":-8.191295623779297},"rotation":{"x":0.01329883374273777,"y":0.9756942391395569,"z":-0.20980842411518098,"w":0.06184473633766174},"size":16.02119255065918,"orthographic":false}